city,heavy,medium,light,good
beijing,0.1723346759802172,0.26956610411461784,0.24611227247233977,0.3119869474328252
shenyang,0.11909599834128136,0.24242172921418204,0.33278042712004974,0.30570184532448685
chengdu,0.10971615720524018,0.2613789049378569,0.394902586496473,0.23400235136042996
shanghai,0.0504313758179469,0.18809652815404493,0.3728587504688868,0.3886133455591214
guangzhou,0.01225465776626482,0.14715552455913122,0.4265716847663645,0.4140181329082395
